prevalence,ppv,ppv_95ci_low,ppv_95ci_high,npv,npv_95ci_low,npv_95ci_high,p_pos,p_pos_low,p_pos_high,fdr,fdr_95ci_low,fdr_95ci_high,fomr,fomr_95ci_low,fomr_95ci_high
0.005,0.14815695600475615,0.1042491897731364,0.20473409160774655,0.9980745167139099,0.9978348744638614,0.9983023883464551,0.021025000000000016,0.016265000000000012,0.027770000000000024,0.8518430439952438,0.7952659083922534,0.8957508102268636,0.0019254832860901017,0.0016976116535448726,0.002165125536138568
0.01,0.2590436590436589,0.18958742632612954,0.3410138248847924,0.9961370971873559,0.9956573762713262,0.996593470478444,0.024050000000000016,0.019530000000000013,0.030540000000000022,0.7409563409563411,0.6589861751152075,0.8104125736738704,0.00386290281264412,0.0034065295215559566,0.004342623728673778
0.015,0.34515235457063687,0.26073251275893106,0.4382540030708487,0.9941876300845389,0.9934673990627813,0.9948731330682917,0.027075000000000016,0.02279500000000001,0.03331000000000002,0.6548476454293631,0.5617459969291513,0.7392674872410689,0.00581236991546108,0.005126866931708274,0.006532600937218747
0.02,0.41395348837209284,0.32095343680709515,0.5111281657712967,0.9922260026806887,0.9912648352560378,0.9931412612686613,0.030100000000000016,0.026060000000000014,0.03608000000000002,0.5860465116279072,0.4888718342287033,0.6790465631929048,0.007773997319311277,0.006858738731338687,0.008735164743962187
0.025,0.4701886792452828,0.37258687258687234,0.567774936061381,0.9902521008403361,0.9890495760287156,0.9913977386869962,0.033125000000000016,0.02932500000000001,0.03885000000000002,0.5298113207547173,0.43222506393861904,0.6274131274131276,0.009747899159663898,0.00860226131300379,0.010950423971284429
0.03,0.5170124481327798,0.41734742912061484,0.613071494323412,0.9882658089951756,0.9868215113003193,0.9896424473594443,0.036150000000000015,0.03259000000000001,0.04162000000000002,0.4829875518672202,0.386928505676588,0.5826525708793852,0.011734191004824424,0.010357552640555712,0.013178488699680746
0.035,0.5566049776643266,0.45652173913043453,0.6501185329800585,0.9862670101215102,0.9845805297140046,0.9878752677242532,0.039175000000000015,0.03585500000000001,0.04439000000000003,0.4433950223356734,0.3498814670199415,0.5434782608695654,0.01373298987848981,0.012124732275746841,0.01541947028599544
0.04,0.5905213270142178,0.491094147582697,0.6809815950920244,0.9842555857172688,0.9823265186180261,0.9860960785946216,0.042200000000000015,0.03912000000000001,0.04716000000000002,0.4094786729857822,0.3190184049079756,0.508905852417303,0.01574441428273121,0.013903921405378439,0.017673481381973888
0.045,0.6199004975124376,0.5218305627879029,0.7070897723251148,0.9822314157785865,0.9800593640468597,0.9843047571309973,0.045225000000000015,0.04238500000000001,0.049930000000000016,0.3800995024875624,0.29291022767488517,0.47816943721209715,0.017768584221413475,0.0156952428690027,0.01994063595314033
0.05,0.6455958549222796,0.5493358633776089,0.7294633077765607,0.9801943787759391,0.9777789507019952,0.9825011788128045,0.048250000000000015,0.04565000000000001,0.052700000000000025,0.35440414507772044,0.27053669222343935,0.45066413662239113,0.019805621224060932,0.01749882118719548,0.022221049298004836
0.055,0.6682593856655288,0.574094104921579,0.74885004599816,0.978144351629819,0.9754851619323897,0.9806852174095901,0.051275000000000015,0.048915000000000014,0.05547000000000002,0.3317406143344712,0.25114995400184004,0.425905895078421,0.021855648370180947,0.019314782590409862,0.024514838067610345
0.06,0.6883977900552484,0.5964972527472525,0.7658106554235338,0.9760812096859469,0.973177879714577,0.9788567449515732,0.054300000000000015,0.05218000000000001,0.058240000000000014,0.31160220994475163,0.23418934457646623,0.4035027472527475,0.023918790314053084,0.021143255048426846,0.026822120285422968
0.065,0.7064108155255123,0.6168660875266347,0.7807737397420865,0.9740048266900045,0.9708569846324242,0.9770156316995834,0.057325000000000015,0.055445000000000015,0.06101000000000002,0.2935891844744877,0.21922626025791347,0.38313391247336526,0.025995173309995456,0.022984368300416613,0.029143015367575797
0.07,0.7226180613090305,0.6354656632173092,0.7940725600408788,0.9719150747618794,0.9685223558565295,0.975161746114375,0.060350000000000015,0.05871000000000002,0.06378000000000003,0.2773819386909695,0.20592743995912122,0.36453433678269076,0.02808492523812056,0.024838253885624995,0.03147764414347054
0.075,0.7372781065088755,0.65251690458302,0.8059701492537311,0.9698118243694114,0.9661738711232525,0.9732949548252978,0.06337500000000001,0.061975000000000016,0.06655000000000003,0.2627218934911245,0.19402985074626888,0.34748309541697997,0.03018817563058862,0.02670504517470218,0.03382612887674752
0.08,0.7506024096385541,0.6682054241200229,0.8166768853464131,0.9676949443016282,0.9638114067133708,0.9714151225983141,0.06640000000000001,0.06524,0.06932000000000002,0.24939759036144593,0.18332311465358686,0.33179457587997707,0.03230505569837183,0.028584877401685915,0.036188593286629156
0.085,0.7627655743608209,0.6826883062838118,0.8263630391942193,0.9655643016414582,0.9614348374303543,0.9695221123033403,0.06942500000000001,0.06850500000000002,0.07209000000000002,0.23723442563917907,0.17363696080578073,0.31731169371618817,0.034435698358541766,0.03047788769665971,0.038565162569645706
0.09,0.7739130434782606,0.6960993855196366,0.8351678974501879,0.9634197617379117,0.9590440365782477,0.9676157848809024,0.07245000000000001,0.07177000000000001,0.07486000000000001,0.22608695652173938,0.16483210254981207,0.30390061448036343,0.03658023826208834,0.032384215119097615,0.04095596342175234
0.095,0.7841669426962569,0.7085533943063247,0.8432065036316384,0.9612611881777129,0.9566388759391568,0.9656959993080819,0.07547500000000001,0.07503500000000002,0.07763000000000002,0.21583305730374314,0.1567934963683616,0.2914466056936753,0.03873881182228711,0.03430400069191808,0.04336112406084325
0.1,0.7936305732484075,0.7201492537313431,0.850574712643678,0.9590884427563755,0.9542192257503262,0.963762612563741,0.07850000000000001,0.07830000000000002,0.08040000000000003,0.20636942675159253,0.149425287356322,0.2798507462686569,0.0409115572436245,0.03623738743625904,0.04578077424967375
0.105,0.8023919043238269,0.7309727065047491,0.8573530313247103,0.9569013854487057,0.9517849546808023,0.9618154795930033,0.08152500000000001,0.08156500000000001,0.08317000000000002,0.1976080956761731,0.1426469686752897,0.2690272934952509,0.04309861455129427,0.038184520406996714,0.048215045319197736
0.11,0.8105263157894734,0.7410984407726319,0.863609572085347,0.9546998743787208,0.9493359298076713,0.959854453270977,0.08455000000000001,0.08483000000000002,0.08594000000000002,0.18947368421052657,0.13639042791465295,0.25890155922736813,0.045300125621279164,0.04014554672902304,0.05066407019232866
0.115,0.8180987724807307,0.7505918160297597,0.8694023497360802,0.9524837657889689,0.9468720165918643,0.9578793843656961,0.08757500000000001,0.08809500000000002,0.08871000000000001,0.1819012275192693,0.13059765026391978,0.24940818397024034,0.04751623421103113,0.042120615634303915,0.05312798340813574
0.12,0.8251655629139071,0.7595102754700479,0.8747810858143608,0.950252914009237,0.94439307885352,0.9558901215002641,0.09060000000000001,0.09136000000000001,0.09148,0.17483443708609292,0.12521891418563924,0.2404897245299521,0.04974708599076305,0.04410987849973591,0.055606921146480026
0.125,0.8317757009345793,0.7679045092838195,0.879788639365918,0.9480071714246311,0.9418989787468948,0.9538865111141792,0.09362500000000001,0.09462500000000001,0.09425000000000001,0.1682242990654207,0.120211360634082,0.23209549071618052,0.05199282857536891,0.046113488885820786,0.058101021253105234
0.13,0.8379720641489912,0.7758194186765613,0.8844621513944222,0.9457463884430176,0.9393895767348114,0.9518683974238175,0.09665000000000001,0.09789000000000002,0.09702000000000002,0.16202793585100883,0.11553784860557781,0.22418058132343865,0.054253611556982384,0.04813160257618254,0.06061042326518862
0.135,0.8437923250564333,0.7832949193305941,0.8888339676733725,0.9434704134618055,0.9368647315626354,0.949835622382057,0.09967500000000001,0.10115500000000002,0.09979000000000002,0.1562076749435667,0.11116603232662747,0.21670508066940586,0.05652958653819451,0.05016437761794301,0.06313526843736461
0.14,0.8492697176241479,0.7903666146645865,0.8929323884313349,0.9411790928340577,0.9343243002317704,0.9477880256370174,0.10270000000000001,0.10442000000000003,0.10256000000000003,0.15073028237585206,0.10706761156866507,0.20963338533541354,0.05882090716594235,0.05221197436298264,0.06567569976822962
0.145,0.8544336722629462,0.797066362859584,0.8967822816548264,0.9388722708339158,0.9317681379726603,0.9457254444898943,0.10572500000000001,0.10768500000000002,0.10533000000000001,0.1455663277370538,0.10321771834517357,0.202933637140416,0.06112772916608422,0.05427455551010574,0.06823186202733966
0.15,0.8593103448275862,0.8034227567067529,0.900405588102749,0.9365497896213184,0.9291960982172889,0.9436477138518643,0.10875,0.11095000000000001,0.10810000000000002,0.14068965517241383,0.09959441189725105,0.1965772432932471,0.06345021037868159,0.0563522861481357,0.07080390178271112
0.155,0.8639230597181837,0.8094615315234056,0.9038217397014402,0.9342114892060007,0.926608032571165,0.9415546662000372,0.11177500000000001,0.11421500000000001,0.11087000000000001,0.13607694028181627,0.0961782602985598,0.1905384684765944,0.06578851079399928,0.05844533379996275,0.07339196742883503
0.16,0.8682926829268293,0.8152059134107708,0.9070480081716036,0.9318572074107546,0.9240037907847827,0.9394461315324298,0.11480000000000001,0.11748000000000001,0.11364000000000002,0.13170731707317074,0.09295199182839642,0.18479408658922925,0.06814279258924538,0.06055386846757016,0.07599620921521733
0.165,0.8724379376193506,0.8206769177905677,0.9100997970930473,0.9294867798339332,0.9213832207245441,0.9373219373219374,0.11782500000000003,0.12074500000000002,0.11641000000000001,0.12756206238064938,0.08990020290695266,0.17932308220943227,0.07051322016606676,0.06267806267806264,0.07861677927545585
0.17,0.8763756723210591,0.8258936063097834,0.9129908878316264,0.9271000398111813,0.9187461683431348,0.9351819084692747,0.12085000000000001,0.12401000000000002,0.11918000000000002,0.12362432767894094,0.08700911216837359,0.17410639369021663,0.07289996018881872,0.06481809153072526,0.08125383165686517
0.175,0.8801210898082743,0.8308733087330872,0.9157336476134355,0.9246968183763732,0.9160924776493365,0.9330258672548626,0.12387500000000001,0.127275,0.12195,0.1198789101917257,0.08426635238656455,0.16912669126691282,0.07530318162362681,0.06697413274513742,0.08390752235066345
0.18,0.8836879432624112,0.8356318152661961,0.9183392063735253,0.9222769442217386,0.913421990677269,0.9308536332896281,0.1269,0.13054000000000002,0.12472000000000001,0.11631205673758882,0.08166079362647471,0.16436818473380388,0.07772305577826144,0.06914636671037189,0.08657800932273096
0.185,0.887088705022128,0.8401835438073574,0.9208176077127163,0.919840243657156,0.9107345474550435,0.9286650234646933,0.129925,0.133805,0.12749,0.112911294977872,0.07918239228728374,0.15981645619264262,0.080159756342844,0.07133497653530674,0.08926545254495655
0.19,0.8903347122978563,0.844541685859051,0.9231779382797111,0.9173865405685947,0.9080299859728195,0.9264598518999224,0.13295,0.13707000000000003,0.13026000000000001,0.10966528770214368,0.07682206172028894,0.15545831414094902,0.0826134594314053,0.07354014810007758,0.09197001402718052
0.195,0.8934362934362934,0.8487183342103284,0.9254284390921723,0.9149156563756836,0.9053081421502474,0.9242379298912948,0.135975,0.14033500000000002,0.13303,0.10656370656370662,0.07457156090782768,0.15128166578967162,0.08508434362431638,0.07576207010870517,0.09469185784975265
0.2,0.8964028776978417,0.852724594992636,0.9275766016713091,0.9124274099883856,0.9025688498032862,0.9219990658570761,0.139,0.14360000000000003,0.13580000000000003,0.10359712230215834,0.07242339832869094,0.14727540500736402,0.08757259001161444,0.07800093414292386,0.09743115019671378
0.205,0.8992430910051046,0.8565706862957349,0.9296292513532836,0.9099216177627554,0.8998119406103805,0.9197430652827512,0.142025,0.14686500000000002,0.13857,0.10075690899489542,0.07037074864671644,0.14342931370426515,0.09007838223724463,0.08025693471724882,0.1001880593896195
0.21,0.9019648397104446,0.860266025187491,0.9315926197295678,0.9073980934557577,0.897037244077982,0.91746973066469,0.14505,0.15013,0.14134000000000002,0.09803516028955539,0.06840738027043225,0.13973397481250904,0.09260190654424227,0.08253026933531005,0.10296275592201798
0.215,0.9045753840958973,0.8638193046978001,0.9334724078359788,0.9048566481791238,0.8942445875054037,0.9151788614525074,0.148075,0.15339500000000003,0.14411000000000002,0.09542461590410267,0.06652759216402115,0.1361806953021999,0.09514335182087619,0.08482113854749262,0.1057554124945963
0.22,0.9070814030443414,0.8672385620915032,0.9352738414400612,0.9022970903522205,0.8914337959489872,0.912870253990087,0.1511,0.15666000000000002,0.14688,0.09291859695565863,0.0647261585599388,0.13276143790849682,0.0977029096477795,0.08712974600991297,0.1085662040510128
0.225,0.9094890510948904,0.8705312395589709,0.937001719556042,0.8997192256539086,0.8886046921855706,0.9105437014552272,0.154125,0.159925,0.14965,0.09051094890510958,0.06299828044395805,0.12946876044102906,0.1002807743460914,0.08945629854477277,0.11139530781442941
0.23,0.911804008908686,0.8737042382889384,0.9386604571358538,0.8971228569733641,0.8857570966752402,0.9081989937978753,0.15715,0.16319000000000003,0.15242,0.08819599109131404,0.061339542864146224,0.1262957617110616,0.10287714302663586,0.09180100620212472,0.11424290332475984
0.235,0.9140315280162322,0.8767639667504349,0.9402541227358745,0.8945077843598369,0.8828908275233485,0.9058359176769101,0.16017499999999998,0.16645500000000002,0.15519,0.08596847198376778,0.0597458772641255,0.12323603324956511,0.10549221564016309,0.09416408232308993,0.11710917247665154
0.24,0.9161764705882351,0.8797163838946568,0.9417864718359651,0.8918738049713193,0.8800057004417842,0.9034542563954329,0.1632,0.16972,0.15796,0.08382352941176485,0.05821352816403491,0.12028361610534322,0.1081261950286807,0.09654574360456714,0.11999429955821583
0.245,0.9182433448638893,0.8825670378896285,0.94326097638523565,0.8892207130220983,0.8771015287094737,0.9010537898345254,0.166225,0.17298500000000003,0.16072999999999998,0.08175665513611075,0.05673902361476435,0.11743296211037146,0.11077928697790174,0.09894621016547456,0.12289847129052633
0.25,0.9202363367799113,0.8853211009174311,0.9446808510638297,0.8865482997291605,0.874178123132098,0.8986342943854324,0.16925,0.17625000000000002,0.1635,0.07976366322008865,0.05531914893617029,0.1146788990825689,0.1134517002708395,0.10136570561456759,0.12582187686790203
0.255,0.9221593382673051,0.8879834004931736,0.9460490766788291,0.8838563532574225,0.8712352920010076,0.8961955428801258,0.172275,0.179515,0.16627000000000003,0.07784066173269488,0.05395092332117091,0.11201659950682641,0.11614364674257749,0.10380445711987418,0.12876470799899242
0.26,0.9240159726183685,0.8905584477046852,0.9473684210526315,0.8811446586637566,0.8682728410513142,0.8937373045202026,0.1753,0.18278000000000003,0.16904000000000002,0.07598402738163146,0.052631578947368474,0.10944155229531483,0.11885534133624343,0.10626269547979739,0.1317271589486858
0.265,0.9258096172718351,0.8930504627204469,0.9486414577118438,0.8784129978397784,0.865290573419143,0.891259344804074,0.17832500000000004,0.18604500000000002,0.17181000000000002,0.07419038272816492,0.05135854228815617,0.10694953727955314,0.12158700216022156,0.10874065519592602,0.13470942658085705
0.27,0.9275434243176178,0.8954633978691716,0.949870582642227,0.8756611494533683,0.8622882895980227,0.8887614254523923,0.18135,0.18931000000000003,0.17458,0.07245657568238217,0.05012941735777299,0.10453660213082838,0.12433885054663174,0.11123857454760766,0.13771171040197727
0.275,0.9292203389830508,0.8978009585565266,0.9510580293392185,0.8728888888888889,0.8592657873943962,0.8862433043316716,0.184375,0.19257500000000005,0.17735,0.07077966101694921,0.04894197066078154,0.10219904144347336,0.12711111111111106,0.11375669566832836,0.14073421260560381
0.28,0.9308431163287086,0.9000666222518321,0.9522058823529411,0.8700959881860694,0.8562228618822266,0.8837047353760445,0.1874,0.19584000000000004,0.18012000000000003,0.06915688367129136,0.047794117647058876,0.0999333777481679,0.12990401181393063,0.11629526462395545,0.14377713811777337
0.285,0.9324143363528947,0.9022636557493574,0.9533160895005148,0.8672822159775191,0.8531593053566839,0.8811454685071077,0.190425,0.199105,0.18289,0.06758566364710528,0.04668391049948517,0.09773634425064259,0.1327177840224809,0.11885453149289227,0.14684069464331606
0.29,0.9339364176789867,0.9043951308844123,0.9543904728961802,0.8644473374248342,0.8500749072868826,0.8785652495517973,0.19345,0.20237000000000002,0.18566,0.06606358232101328,0.045609527103819825,0.09560486911558774,0.13555266257516585,0.12143475044820273,0.14992509271311738
0.295,0.9354116299783687,0.9064639388632382,0.9554307389306295,0.8615911141532623,0.846969454267654,0.8759638201582396,0.19647499999999998,0.205635,0.18843000000000001,0.06458837002163131,0.044569261069370536,0.09353606113676183,0.13840888584673772,0.12403617984176041,0.15303054573234598
0.3,0.9368421052631579,0.9084728033472803,0.9564384873145045,0.8587133041848845,0.8438427299703264,0.8733409177095184,0.19949999999999998,0.2089,0.1912,0.06315789473684208,0.04356151268549546,0.09152719665271969,0.14128669581511555,0.12665908229048162,0.1561572700296736
0.305,0.9382298481668929,0.910424292416353,0.9574152192868757,0.8558136618702781,0.8406945150924904,0.8706962752352967,0.202525,0.21216500000000002,0.19396999999999998,0.06177015183310708,0.042584780713124326,0.08957570758364697,0.14418633812972192,0.1293037247647033,0.15930548490750962
0.31,0.939576745317441,0.9123208295211954,0.9583623450772872,0.8528919378186166,0.8375245873067251,0.8680296213212333,0.20555,0.21543,0.19674,0.06042325468255905,0.041637654922712763,0.08767917047880458,0.1471080621813834,0.1319703786787667,0.16247541269327492
0.315,0.9408845738942826,0.9141647035236328,0.9592811906993759,0.849947878826168,0.8343327212082599,0.8653406800161269,0.208575,0.218695,0.19951000000000002,0.059115426105717406,0.040718809300624104,0.08583529647636723,0.15005212117383204,0.13465931998387315,0.16566727879174015
0.32,0.9421550094517959,0.9159580779118054,0.9601730041448909,0.8469812278031457,0.8311186882615453,0.8626291707367231,0.2116,0.22196000000000002,0.20228000000000002,0.057844990548204134,0.03982699585510907,0.08404192208819461,0.15301877219685434,0.13737082926327693,0.16888131173845466
0.325,0.943389633080955,0.917702999268471,0.961038961038961,0.84399172369887,0.8278822567457074,0.8598948081701139,0.21462500000000004,0.22522500000000004,0.20505,0.056610366919044974,0.038961038961038974,0.08229700073152901,0.15600827630113,0.14010519182988612,0.17211774325429263
0.33,0.9445899379738111,0.9194014050620729,0.9618801698104951,0.8409791014251933,0.8246231916988563,0.8571373021736595,0.21765000000000004,0.22849000000000003,0.20782,0.05541006202618892,0.03811983018950493,0.08059859493792709,0.15902089857480672,0.14286269782634053,0.17537680830114366
0.335,0.9457573354480571,0.9210551308229261,0.9626976764255355,0.8379430917781413,0.8213412548612254,0.8543563576723571,0.220675,0.23175500000000004,0.21059,0.05424266455194293,0.0373023235744645,0.07894486917707388,0.1620569082218587,0.14564364232764293,0.17865874513877456
0.34,0.9468931604827895,0.9226659167604049,0.9634924687260659,0.8348834213577224,0.8180362046171056,0.851551674553583,0.2237,0.23502000000000003,0.21336000000000002,0.05310683951721051,0.036507531273934135,0.07733408323959512,0.16511657864227758,0.14844832544641695,0.18196379538289442
0.345,0.9479986768111147,0.924235413871281,0.9642654804121115,0.8317998124858557,0.8147077959355504,0.8487229475591265,0.226725,0.23828500000000002,0.21613,0.052001323188885284,0.035734519587888536,0.07576458612871895,0.16820018751414434,0.15127705244087353,0.18529220406444957
0.35,0.9490750816104461,0.925765189584285,0.96501759470089,0.8286919831223628,0.8113557803098195,0.8458698661744347,0.22975,0.24155000000000001,0.21889999999999998,0.05092491838955393,0.03498240529911001,0.074234810415715,0.1713080168776372,0.15413013382556529,0.18864421969018053
0.355,0.9501235098270862,0.9272567329814589,0.9657496476931561,0.8255596467789762,0.8079799056955276,0.8429921145149865,0.232775,0.244815,0.22166999999999998,0.049876490172913845,0.03425035230684392,0.07274326701854106,0.1744403532210238,0.15700788548501354,0.19202009430447242
0.36,0.9511450381679389,0.928711459632864,0.966462431473718,0.8224025124313008,0.8045799164474702,0.8400893712097032,0.23579999999999998,0.24808000000000002,0.22444,0.04885496183206106,0.03353756852628198,0.07128854036713606,0.1775974875686992,0.15991062879029683,0.19542008355252982
0.365,0.952140688788862,0.9301307160776374,0.9671566969702998,0.8192202844286793,0.8011555532550887,0.8371613092813112,0.238825,0.251345,0.22720999999999997,0.047859311211137956,0.03284330302970018,0.06986928392236258,0.18077971557132066,0.16283869071868884,0.1988444467449113
0.37,0.9531114327062228,0.9315157839812157,0.9678331565924355,0.8160126624018994,0.7977065530765435,0.8342075960235581,0.24185,0.25461,0.22998,0.04688856729377722,0.03216684340756448,0.0684842160187843,0.1839873375981006,0.1657924039764419,0.20229344692345652
0.375,0.9540581929555896,0.9328678839957034,0.9684924866698983,0.8127793411686807,0.7942326490713587,0.8312278928751895,0.244875,0.257875,0.23275,0.04594180704441042,0.03150751333010171,0.06713211600429658,0.18722065883131933,0.1687721071248105,0.2057673509286413
0.38,0.9549818475191609,0.934188179347826,0.9691353297082025,0.8095200106368833,0.7907335705316032,0.8282218552905828,0.2479,0.26114000000000004,0.23552,0.04501815248083907,0.030864670291797514,0.06581182065217395,0.19047998936311672,0.1717781447094172,0.2092664294683968
0.385,0.9558832320414467,0.9354777791766336,0.9697622964769954,0.8062343557053699,0.7872090428115687,0.8251891326069373,0.250925,0.26440500000000006,0.23829,0.04411676795855335,0.03023770352300459,0.06452222082336645,0.19376564429463006,0.17481086739306273,0.21279095718843133
0.39,0.9567631423508565,0.9367377416410851,0.9703739679456047,0.8029220561624556,0.7836587872559095,0.8221293679079105,0.25395,0.26767,0.24106,0.043236857649143534,0.02962603205439529,0.06326225835891486,0.1970779438375444,0.17787063209208953,0.21634121274409046
0.395,0.957622336803191,0.9379690768158143,0.970970897078635,0.7995827865818781,0.7800825211262017,0.8190421978835907,0.256975,0.27093500000000004,0.24383,0.04237766319680902,0.029029102921364958,0.06203092318418568,0.2004172134181219,0.18095780211640933,0.2199174788737983
0.4,0.9584615384615385,0.9391727493917275,0.9715536105032822,0.7962162162162162,0.7764799575258826,0.8159272526866905,0.26,0.27420000000000005,0.2466,0.041538461538461524,0.02844638949671785,0.06082725060827254,0.2037837837837838,0.18407274731330947,0.2235200424741174
0.405,0.9592814371257485,0.9403496811966153,0.9721226100589264,0.7928220088876828,0.7728508053235282,0.8127841557848409,0.263025,0.277465,0.24937000000000004,0.04071856287425146,0.027877389941073583,0.05965031880338467,0.20717799111231716,0.18721584421515913,0.22714919467647177
0.41,0.9600826912234541,0.9415007535496153,0.9726783742385922,0.7893998228762178,0.7691947690744256,0.8096125238088618,0.26605,0.28073000000000004,0.25214,0.03991730877654587,0.02732162576140784,0.058499246450384734,0.2106001771237822,0.19038747619113816,0.23080523092557437
0.415,0.960865929573539,0.9426268094621632,0.9732213595309775,0.7859493108048021,0.7655115489403964,0.8064119663968827,0.26907499999999995,0.28399500000000005,0.25490999999999997,0.039134070426461,0.026778640469022452,0.05737319053783685,0.21405068919519787,0.19358803360311727,0.2344884510596036
0.42,0.9616317530319736,0.9437286556969884,0.9737520016709601,0.7824701195219124,0.7618008406078242,0.8031820860341781,0.2721,0.28726,0.25768,0.03836824696802643,0.0262479983290399,0.05627134430301162,0.21752988047808763,0.19681791396582193,0.23819915939217584
0.425,0.9623807360290776,0.9448070646957188,0.9742707168057826,0.7789618899810312,0.7580623352038401,0.7999224778885795,0.275125,0.29052500000000003,0.26045,0.03761926397092241,0.02572928319421741,0.055192935304281154,0.22103811001896878,0.2000775221114205,0.24193766479615986
0.43,0.9631134280064714,0.945862776384773,0.9747779025834779,0.7754242571171296,0.7542957192106192,0.7966327296413248,0.27815,0.29379000000000005,0.26322,0.03688657199352863,0.02522209741652215,0.05413722361522699,0.2245757428828704,0.2033672703586752,0.24570428078938078
0.435,0.9638303547612697,0.9468964998684161,0.9752739391695141,0.7718568497200292,0.7505006743777332,0.7933124213131895,0.281175,0.297055,0.26599,0.03616964523873034,0.024726060830485896,0.053103500131583936,0.22814315027997079,0.20668757868681054,0.24949932562226684
0.44,0.9645320197044334,0.9479089150171156,0.9757591901971231,0.7682592903045543,0.7466768776325146,0.7899611250857536,0.2842,0.30032000000000003,0.26876,0.03546798029556664,0.024240809802876906,0.052091084982884395,0.2317407096954457,0.21003887491424644,0.25332312236748544
0.445,0.9652189050396031,0.9489006739586785,0.9762340036563071,0.7646311949773771,0.7428240009883729,0.7865784051176381,0.287225,0.30358500000000005,0.27153,0.03478109496039694,0.02376599634369292,0.0510993260413215,0.23536880502262292,0.2134215948823619,0.25717599901162713
0.45,0.965891472868217,0.9498724024790374,0.9766987127260877,0.760972173300458,0.7389417114510128,0.7831638173555507,0.29025,0.30685,0.27430000000000004,0.03410852713178303,0.02330128727391234,0.05012759752096263,0.23902782669954203,0.21683618264444926,0.26105828854898716
0.455,0.9665501662262382,0.9508247013390118,0.9771536365541815,0.7572818281509781,0.7350296709224959,0.7797169093399625,0.293275,0.31011500000000003,0.27707,0.03344983377376176,0.022846363445818474,0.04917529866098824,0.2427181718490219,0.22028309066003748,0.26497032907750406
0.46,0.9671954100573743,0.9517581475128645,0.9775990809879379,0.7535597555776609,0.7310875361030882,0.7762372200052431,0.2963,0.31338000000000005,0.27984,0.032804589942625695,0.022400919012062093,0.04824185248713553,0.24644024442233914,0.2237627799947569,0.2689124638969118
0.465,0.9678276121272863,0.9526732953540213,0.9780353392600547,0.7498055446533699,0.7271149583908333,0.7727242794740653,0.29932500000000006,0.316645,0.28261000000000003,0.032172387872713704,0.021964660739945296,0.04732670464597866,0.2501944553466301,0.2272757205259347,0.2728850416091667
0.47,0.9684471638829172,0.9535706776929007,0.9784626926323028,0.746018777323873,0.7231115837787916,0.769177608845888,0.30234999999999995,0.31991000000000003,0.28537999999999997,0.031552836117082816,0.02153730736769721,0.046429322307099286,0.253981222676127,0.23082239115411196,0.2768884162212084
0.475,0.9690544412607449,0.9544508068714211,0.978881411000232,0.7421990282526544,0.7190770527498771,0.7655967199793152,0.305375,0.32317500000000005,0.28814999999999996,0.030945558739255086,0.02111858899976804,0.04554919312857886,0.2578009717473456,0.23440328002068478,0.2809229472501229
0.48,0.9696498054474707,0.9553141757184105,0.9792917534615856,0.7383458646616541,0.7150110001692334,0.7619811152681275,0.3084,0.32644,0.29091999999999996,0.030350194552529297,0.02070824653841441,0.044685824281589515,0.2616541353383459,0.2380188847318725,0.28498899983076664
0.485,0.9702336035963716,0.956161258469815,0.9796939688509425,0.7344588461678103,0.7109130551740738,0.7583302874107669,0.311425,0.329705,0.29369,0.029766396403628437,0.02030603114905749,0.043838741530184966,0.2655411538321897,0.2416697125892331,0.28908694482592623
0.49,0.9708061695023056,0.9569925116373205,0.9800882962429047,0.7305375246152723,0.7067828410609204,0.7546437191730506,0.31445,0.33297000000000004,0.29645999999999995,0.029193830497694417,0.019911703757095278,0.043007488362679536,0.2694624753847277,0.24535628082694938,0.2932171589390796
0.495,0.9713678242381291,0.957808374828727,0.980474965425967,0.7265814439031537,0.7026199751701699,0.7509208831438838,0.317475,0.336235,0.29923,0.028632175761870937,0.019525034574032984,0.04219162517127295,0.2734185560968463,0.24907911685611617,0.29738002482983006
0.5,0.9719188767550702,0.9586092715231788,0.9808541973490427,0.7225901398086828,0.6984240687679083,0.7471612414837244,0.3205,0.3395,0.302,0.02808112324492984,0.019145802650957333,0.04139072847682124,0.2774098601913172,0.2528387585162756,0.3015759312320917
0.505,0.9724596244494242,0.9593956098041145,0.9812262045424707,0.7185631398056099,0.6941947269249025,0.7433642456655534,0.323525,0.34276500000000004,0.30477,0.027540375550575757,0.01877379545752933,0.040604390195885465,0.28143686019439007,0.25663575433444663,0.30580527307509753
0.51,0.9729903536977492,0.960167783052611,0.9815911915151866,0.7144999628777192,0.6899315483926869,0.739529336208083,0.32655,0.34603,0.30754000000000004,0.027009646302250778,0.01840880848481341,0.03983221694738903,0.2855000371222808,0.26047066379191697,0.3100684516073131
0.515,0.9735113403625881,0.96092617060359,0.9819493551296182,0.7104001193272924,0.6856341254766634,0.7356559424009343,0.329575,0.349295,0.31031,0.02648865963741187,0.01805064487038177,0.03907382939641002,0.2895998806727076,0.26434405759906565,0.31436587452333664
0.52,0.9740228502705953,0.9616711383671904,0.9823008849557522,0.7062631105783638,0.6813020439061317,0.7317434820215001,0.3326,0.35256000000000004,0.31308,0.02597714972940468,0.017699115044247815,0.038328861632809574,0.2937368894216362,0.2682565179784999,0.3186979560938683
0.525,0.9745251396648045,0.9624030394174449,0.9826459636057051,0.7020884289746002,0.676934882701162,0.7277913610431949,0.335625,0.355825,0.31585,0.025474860335195526,0.01735403639429489,0.03759696058255513,0.2979115710253998,0.27220863895680514,0.323065117298838
0.53,0.975018455632659,0.9631222145502478,0.9829847670500431,0.6978755575716337,0.6725322140362207,0.7237989733347896,0.33865000000000006,0.35909,0.31862,0.024981544367341013,0.017015232949956882,0.036877785449752176,0.30212444242836634,0.2762010266652104,0.32746778596377935
0.535,0.9755030365113047,0.9638289928124708,0.9833174649170012,0.6936239699236698,0.6680936031004553,0.7197657003505086,0.341675,0.36235500000000004,0.32139,0.024496963488695345,0.016682535082998773,0.03617100718752919,0.3063760300763302,0.2802342996494914,0.3319063968995447
0.54,0.9759791122715404,0.9645236920039486,0.9836442207756688,0.6893331298641843,0.6636186079545454,0.7156909108105552,0.3447,0.36562000000000006,0.32416,0.02402088772845956,0.01635577922433118,0.03547630799605139,0.31066687013581573,0.28430908918944475,0.3363813920454546
0.545,0.9764469048817311,0.9652066191539472,0.9839651924041368,0.6850024912805182,0.6591067793840165,0.711573960371723,0.34772500000000006,0.3688850000000001,0.32693,0.023553095118268863,0.016034807595863176,0.03479338084605277,0.31499750871948184,0.28842603962827695,0.3408932206159835
0.55,0.9769066286528867,0.9658780709736124,0.9842805320435308,0.6806314978821717,0.6545576607489183,0.707414191287728,0.35075,0.3721500000000001,0.3297,0.023093371347113312,0.01571946795646917,0.034121929026387554,0.3193685021178283,0.292585808712272,0.3454423392510817
0.555,0.9773584905660377,0.9665383342858003,0.9845903866387865,0.6762195829625904,0.6499707878297605,0.7032109320588871,0.35377500000000006,0.37541500000000005,0.33247,0.02264150943396226,0.015409613361213492,0.03346166571419973,0.32378041703740956,0.2967890679411129,0.3500292121702395
0.56,0.9778026905829597,0.9671876864335998,0.9848948980669695,0.6717661691542288,0.645345688669595,0.6989634970707527,0.3568,0.37868000000000007,0.33524000000000004,0.022197309417040345,0.015105101933030496,0.03281231356640024,0.3282338308457712,0.30103650292924733,0.35465431133040504
0.565,0.9782394219412214,0.9678263956687672,0.985194203353886,0.6672706681766705,0.640681883412136,0.694671186221291,0.35982499999999995,0.381945,0.33801,0.021760578058778624,0.014805796646114033,0.03217360433123284,0.33272933182332953,0.305328813778709,0.35931811658786394
0.57,0.978668871434477,0.9684547215212159,0.9854884348796761,0.6627324805775721,0.6359788841357968,0.6903332845361831,0.36285,0.38521,0.34077999999999997,0.021331128565522994,0.014511565120323922,0.03154527847878408,0.33726751942242794,0.30966671546381686,0.36402111586420316
0.575,0.979091219678852,0.9690729151506331,0.9857777205740396,0.6581509954661936,0.631236194683525,0.6859490617718,0.36587499999999995,0.388475,0.34354999999999997,0.020908780321147957,0.014222279425960438,0.030927084849366904,0.3418490045338064,0.31405093822819996,0.368763805316475
0.58,0.9795066413662239,0.9696812196812197,0.9860621841017001,0.6535255902392648,0.6264533104883123,0.6815177720053924,0.3689,0.39174000000000003,0.34631999999999996,0.020493358633776104,0.013937815898299899,0.030318780318780325,0.3464744097607352,0.31848222799460757,0.3735466895116877
0.585,0.979915305505142,0.970279870520496,0.9863419450386705,0.6488556302989293,0.6216297183942481,0.6770386532120101,0.371925,0.395005,0.34908999999999996,0.020084694494857946,0.013658054961329547,0.029720129479503976,0.35114436970107066,0.32296134678798993,0.3783702816057519
0.59,0.9803173756500867,0.9708690956630478,0.9866171190398474,0.6441404687624991,0.6167648964729843,0.672510926827647,0.37494999999999995,0.39827,0.35185999999999995,0.019682624349913302,0.01338288096015261,0.0291309043369522,0.3558595312375009,0.327489073172353,0.38323510352701573
0.595,0.9807130101197169,0.9714491159800356,0.986887817998431,0.6393794461637393,0.6118583138354743,0.6679337972980876,0.377975,0.40153500000000003,0.35462999999999995,0.0192869898802831,0.01311218200156905,0.028550884019964418,0.3606205538362607,0.33206620270191245,0.3881416861645257
0.6,0.9811023622047245,0.9720201454952434,0.9871541501976285,0.6345718901453958,0.6069094304388422,0.6633064516129034,0.38099999999999995,0.4048,0.3574,0.018897637795275535,0.012845849802371467,0.027979854504756596,0.36542810985460417,0.33669354838709664,0.39309056956115784
0.605,0.9814855803658615,0.9725823916483882,0.9874162204550746,0.62971711514266,0.6019176968882359,0.6586280588240263,0.384025,0.408065,0.36017,0.018514419634138468,0.0125837795449254,0.027417608351611777,0.37028288485733996,0.3413719411759737,0.39808230311176407
0.61,0.9818628084226844,0.9731360555463714,0.9876741302603749,0.624814422057264,0.5968825542335102,0.6538977695483038,0.38705,0.41133000000000003,0.36293999999999993,0.018137191577315637,0.012325869739625128,0.026863944453628608,0.375185577942736,0.3461022304516962,0.4031174457664898
0.615,0.9822341857335128,0.9736813322031118,0.9879279779061494,0.6198630979218757,0.5918034337605828,0.6491147154534042,0.390075,0.414595,0.36571,0.017765814266487157,0.01207202209385061,0.026318667796888184,0.38013690207812434,0.35088528454659584,0.40819656623941725
0.62,0.9825998473670822,0.9742184107685627,0.9881778586129326,0.6148624155544571,0.5866797567772991,0.6442780087264233,0.3931,0.41786,0.36848,0.01740015263291783,0.011822141387067386,0.025781589231437252,0.3851375844455429,0.35572199127357673,0.4133202432227009
0.625,0.9829599242663299,0.9747474747474747,0.9884238646482635,0.6098116332022355,0.5815109343936381,0.6393867415245087,0.39612500000000006,0.421125,0.37124999999999997,0.017040075733670057,0.011576135351736516,0.025252525252525304,0.3901883667977645,0.3606132584754913,0.4184890656063619
0.63,0.983314543404735,0.975268702208438,0.988666085440279,0.6047099941749189,0.5762963672960798,0.6344399854067859,0.39915,0.42439,0.37402,0.01668545659526499,0.011333914559720992,0.024731297791562024,0.3952900058250811,0.3655600145932141,0.4237036327039202
0.635,0.9836638279356001,0.9757822659837044,0.9889046076861021,0.5995567264667754,0.5710354455159576,0.6294367907468398,0.402175,0.427655,0.37678999999999996,0.016336172064399856,0.01109539231389789,0.024217734016295567,0.4004432735332246,0.3705632092531602,0.42896455448404236
0.64,0.9840078973346496,0.9762883338602593,0.9891395154553049,0.5943510423671823,0.565727548191606,0.6243761861249737,0.4052,0.43092,0.37956,0.01599210266535045,0.010860484544695126,0.02371166613974074,0.4056489576328177,0.3756238138750263,0.434272451808394
0.645,0.9843468675362851,0.9767870687625873,0.9893708902887018,0.5890921380592287,0.5603720433241051,0.6192571776994248,0.408225,0.43418500000000004,0.38233,0.015653132463714914,0.010629109711298157,0.02321293123741275,0.41090786194077134,0.3807428223005752,0.43962795667589494
0.65,0.9846808510638297,0.9772786289275512,0.9895988112927192,0.5837791932059447,0.554968287526427,0.6140787485556839,0.41125000000000006,0.43745000000000006,0.3851,0.015319148936170257,0.010401188707280795,0.02272137107244876,0.41622080679405526,0.3859212514443161,0.445031712473573
0.655,0.9850099571540644,0.9777631680717767,0.9898233552295701,0.5784113705237098,0.5495156257657686,0.6088398580330243,0.414275,0.4407150000000001,0.38787,0.014990042845935636,0.010176644770429899,0.022236831928223344,0.42158862947629017,0.3911601419669757,0.4504843742342314
0.66,0.9853342918763479,0.9782408355519148,0.9900445966034507,0.5729878153423716,0.5440133910988577,0.6035394410273012,0.41730000000000006,0.44398000000000004,0.39064,0.014665708123652088,0.009955403396549323,0.021759164448085233,0.42701218465762836,0.39646055897269883,0.4559866089011423
0.665,0.985653958246595,0.9787117765181362,0.9902626077429597,0.5675076551515936,0.5384609044000065,0.5981764072690433,0.420325,0.44724500000000006,0.39341000000000004,0.014346041753405037,0.00973739225704029,0.021288223481863766,0.4324923448484064,0.4018235927309567,0.4615390955999935
0.67,0.9859690563363647,0.9791761320611844,0.990477458879936,0.5619699991329229,0.5328574740816799,0.5927496405758066,0.42335,0.4505100000000001,0.39618,0.014030943663635331,0.00952254112006401,0.020823867938815632,0.4380300008670771,0.4072503594241934,0.46714252591832006
0.675,0.9862796833773086,0.9796340393533024,0.9906892182248912,0.5563739376770538,0.5272023958073371,0.5872579980777153,0.42637500000000006,0.45377500000000004,0.39894999999999997,0.013720316622691353,0.0093107817751088,0.0203659606466976,0.4436260623229462,0.4127420019222847,0.4727976041926629
0.68,0.9865859338612017,0.9800856317833316,0.9908979520392088,0.5507185418857342,0.521494952196296,0.5817003094150582,0.4294,0.45704000000000006,0.40172,0.013414066138798253,0.00910204796079117,0.019914368216668366,0.4492814581142658,0.41829969058494176,0.47850504780370395
0.685,0.986887899635775,0.9805310390862567,0.9911037247042721,0.5450028630577456,0.5157344125203606,0.576075375906762,0.43242500000000006,0.4603050000000001,0.40449,0.013112100364225054,0.008896275295727896,0.019468960913743283,0.4549971369422544,0.42392462409323795,0.48426558747963944
0.69,0.9871856699965552,0.9809703874674655,0.9913065987876697,0.5392259321583562,0.5099200323919425,0.5703819696884962,0.43545,0.46357,0.40725999999999996,0.012814330003444785,0.00869340121233031,0.019029612532534546,0.46077406784164376,0.4296180303115038,0.4900799676080575
0.695,0.9874793317749017,0.9814037997219716,0.9915066351066223,0.5333867592716264,0.5040510534433954,0.5646188328191086,0.43847499999999995,0.466835,0.41002999999999995,0.012520668225098341,0.008493364893377708,0.01859620027802844,0.4666132407283736,0.43538116718089137,0.4959489465566046
0.7,0.9877689694224235,0.9818313953488372,0.9917038927887684,0.527484333034915,0.49812670299727524,0.5587846763540291,0.4415,0.4701,0.41279999999999994,0.012231030577576463,0.00829610721123164,0.018168604651162767,0.47251566696508496,0.44121532364597094,0.5018732970027248
0.705,0.9880546650919522,0.9822532906610197,0.9918984293304322,0.521517620054908,0.4921461937272214,0.5528781793842036,0.44452499999999995,0.473365,0.41557,0.011945334908047833,0.008101570669567848,0.01774670933898026,0.478482379945092,0.4471218206157964,0.5078538062727787
0.71,0.9883364987152273,0.9826695988908543,0.9920903006524977,0.515485564304462,0.4861087233091496,0.54689798803905465,0.44755,0.47663,0.41834,0.01166350128477267,0.007909699347502297,0.017330401109145743,0.484514435695538,0.45310201196094535,0.5138912766908503
0.715,0.9886145480774565,0.9830804302913728,0.9922795611540024,0.5093870864995222,0.4800134740624298,0.5408427144518895,0.450575,0.479895,0.42110999999999993,0.011385451922543477,0.0077204388459976014,0.01691956970862718,0.49061291350047775,0.4591572855481105,0.5199865259375702
0.72,0.9888888888888889,0.983485892233651,0.9924662637635566,0.5032210834553441,0.4738596125807124,0.5347109356860925,0.45359999999999995,0.48316,0.42388,0.011111111111111072,0.007533736236443378,0.016514107766348984,0.4967789165446559,0.4652890643139075,0.5261403874192876
0.725,0.989159594853545,0.9838860893003633,0.9926504599886931,0.49698642742121013,0.4676462893520537,0.5285011926203573,0.456625,0.486425,0.42665,0.010840405146455012,0.007349540011306943,0.016113910699636746,0.5030135725787899,0.47149880737964267,0.5323537106479463
0.73,0.9894267377352333,0.984281123375716,0.992832199963242,0.49068196539280096,0.4613726383679764,0.522211988791127,0.45965,0.48969,0.42941999999999997,0.010573262264766736,0.0071678000367579875,0.01571887662428395,0.509318034607199,0.47778801120887304,0.5386273616320236
0.735,0.9896903874209758,0.9846710937319235,0.9930115324928239,0.48430651840134,0.4550377767210863,0.5158417891903087,0.462675,0.492955,0.43218999999999996,0.010309612579024185,0.006988467507176077,0.015328906268076481,0.51569348159866,0.48415821080969135,0.5449622232789137
0.74,0.9899506119819625,0.9850560971123782,0.9931885050985451,0.4778588807785888,0.4486408041908538,0.5093890190162372,0.4657,0.49622,0.43495999999999996,0.010049388018037453,0.00681149490145494,0.014943902887621818,0.5221411192214112,0.49061098098376277,0.5513591958091462
0.745,0.9902074777321458,0.9854362278116647,0.9933631640589807,0.47133781939673436,0.44218080281715183,0.502852062375753,0.468725,0.499485,0.43773,0.009792522267854209,0.00663683594101927,0.014563772188335267,0.5286621806032656,0.497147937624247,0.5578191971828481
0.75,0.9904610492845787,0.9858115777525538,0.9935355544505222,0.4647420728821581,0.435656836461126,0.4962292609351433,0.47175,0.50275,0.4405,0.009538950715421324,0.006464445549477782,0.014188422247446209,0.5352579271178419,0.5037707390648567,0.564343163538874
0.755,0.9907113896056026,0.9861822365601101,0.9937057201861605,0.4580703508020372,0.4290679503529538,0.4895189125175866,0.474775,0.506015,0.44326999999999994,0.009288610394397434,0.006294279813839454,0.01381776343988994,0.5419296491979628,0.5104810874824134,0.5709320496470462
0.76,0.9909585600669737,0.9865482916330374,0.9938737040527804,0.4513213328226733,0.42241317062603795,0.4827192696446039,0.4778,0.5092800000000001,0.44604,0.009041439933026307,0.006126295947219584,0.013451708366962634,0.5486786671773267,0.5172807303553961,0.5775868293739621
0.765,0.9912026204960225,0.9869098282123838,0.9940395477470271,0.44449366783839744,0.4156915038371523,0.475828538018894,0.480825,0.512545,0.44881,0.00879737950397752,0.005960452252972925,0.013090171787616178,0.5555063321616025,0.524171461981106,0.5843084961628477
0.77,0.991443629223933,0.987266929447717,0.9942032919098117,0.437585973069844,0.4089019364720469,0.46884487494578575,0.48385,0.5158100000000001,0.45158,0.008556370776066968,0.005796708090188285,0.01273307055228301,0.5624140269301561,0.53115512505421425,0.591098063527953
0.775,0.9916816431322208,0.9876196764608782,0.9943649761595146,0.43059683313032876,0.4020434344359938,0.4617663876903883,0.486875,0.519075,0.45435,0.008318356867779153,0.00563502384048542,0.012380323539121774,0.5694031668696713,0.5382336123096116,0.5979565655640062
0.78,0.9919167176974892,0.9879681484074203,0.9945246391239423,0.42352479905900803,0.3951149425287356,0.4545911317673659,0.48990000000000006,0.52234,0.45711999999999997,0.008083282302510764,0.005475360876057711,0.01203185159257969,0.5764752009409919,0.5454088682326341,0.6048850574712644
0.785,0.9921489070345387,0.9883124225358237,0.9946823184710952,0.41636838731943004,0.38811538390327893,0.4473171091600881,0.492925,0.525605,0.45989,0.00785109296546127,0.005317681528904772,0.011687577464176258,0.58363161268057,0.552682890839912,0.6118846160967211
0.79,0.992378263937897,0.9886525742445857,0.994838050938794,0.4091260787620275,0.38104365950794644,0.4399422664657313,0.49595,0.5288700000000001,0.46265999999999996,0.007621736062103035,0.005161949061206039,0.011347425755414253,0.5908739212379726,0.5600577335342687,0.6189563404920535
0.795,0.9926048399218397,0.9889886771372709,0.9949918723632161,0.40179631754902445,0.37389864751108365,0.43246449296271355,0.49897500000000006,0.5321350000000001,0.46542999999999995,0.007395160078160323,0.005008127636783932,0.0110113228627291,0.5982036824509755,0.5675355070372865,0.6261013524889163
0.8,0.9928286852589642,0.9893208030756087,0.9951438177063877,0.3943775100401606,0.36667920270778476,0.42488161859664225,0.502,0.5354000000000001,0.4682,0.007171314741035828,0.004856182293612288,0.010679196924391343,0.6056224899598395,0.5751183814033578,0.6333207972922152
0.805,0.9930498490173754,0.9896490222307153,0.9952939210826767,0.38686802363755735,0.35938415590798245,0.41719141188073733,0.5050250000000001,0.5386650000000001,0.47097,0.006950150982624637,0.004706078917323331,0.01035097776928473,0.6131319763624427,0.5828085881192626,0.64061584409201755
0.81,0.9932683790965456,0.98997340313252,0.9954422157843265,0.37926618558796615,0.35201231330521027,0.409391577706464,0.50805,0.54193,0.47374,0.006731620903454361,0.004557784215673544,0.010026596867479975,0.6207338144120338,0.5906084222935359,0.6479876866947898
0.815,0.9934843222618989,0.9902940127174666,0.995588734306074,0.37157028174055334,0.34456245582532624,0.40147975505986094,0.5110750000000001,0.545195,0.47650999999999993,0.006515677738101133,0.004411265693926025,0.009705987282533357,0.6284297182594467,0.598520244940139,0.6554375441746738
0.82,0.9936977241781754,0.9906109163745618,0.9957335083688874,0.36377855525828373,0.3370333384544477,0.3934535146387918,0.5141,0.5484600000000001,0.47927999999999993,0.006302275821824632,0.00426649163111259,0.009389083625438222,0.6362214447417163,0.6065464853612081,0.6629666615455523
0.825,0.9939086294416244,0.990924177989835,0.995876568942861,0.3558892052808698,0.329423689545323,0.38531035636607003,0.517125,0.551725,0.48205,0.006091370558375608,0.004123431057138971,0.009075822010164991,0.6441107947191302,0.61468964363393,0.670576310454677
0.83,0.9941170816110738,0.9912338599892743,0.9960179462693021,0.3479003855371471,0.3217322101013238,0.3770477067931059,0.5201499999999999,0.5549900000000001,0.48482,0.005882918388926184,0.003982053730697932,0.008766140010725731,0.6520996144628529,0.622952293206894,0.6782677898986762
0.835,0.9943231232379223,0.991540023380299,0.9961576698820432,0.3398102029046296,0.31395757303721633,0.3686629163884142,0.5231750000000001,0.558255,0.4875899999999999,0.005676876762077732,0.0038423301179567604,0.008459976619700993,0.6601897970953704,0.6313370836115858,0.6860424269627836
0.84,0.994526795895097,0.9918427277918264,0.9962957686280097,0.33161671591388775,0.3060984224158229,0.36015325670498094,0.5262,0.56152,0.49035999999999996,0.00547320410490304,0.003704231371990274,0.008157272208173638,0.6683832840861123,0.639846743295019,0.693901577584177
0.845,0.9947281402050169,0.9921420315129884,0.9964322706870756,0.32331793319526314,0.2981533726596563,0.3515159174201258,0.529225,0.564785,0.49312999999999996,0.005271859794983125,0.0035677293129243726,0.00785796848701159,0.6766820668047369,0.6484840825798742,0.7018466273403436
0.85,0.9949271958666039,0.9924379915305505,0.9965672035912332,0.3149118118653127,0.29012100773656024,0.34274800324111593,0.53225,0.56805,0.4959,0.005072804133396058,0.003432796408766814,0.007562008469449544,0.6850881881346873,0.6572519967588841,0.7098789922634398
0.855,0.9951240016813787,0.9927306635650831,0.9967005942431058,0.30639625585023406,0.28199988031835316,0.3338465306693727,0.535275,0.571315,0.49866999999999995,0.0048759983186212885,0.003299405756894247,0.007269336434916895,0.693603744149766,0.6661534693306272,0.7180001196816468
0.86,0.9953185955786736,0.9930201021059348,0.9968324689338298,0.2977691141433832,0.27378851091142486,0.324808424615674,0.5383,0.5745800000000001,0.50144,0.004681404421326363,0.0031675310661701817,0.006979897894065168,0.7022308858566169,0.6751915753843261,0.7262114890885751
0.865,0.9955110146400036,0.9933063604450526,0.9969628533603303,0.289028178993841,0.2654853869581879,0.3156305148582867,0.5413250000000001,0.5778449999999999,0.5042099999999999,0.0044889853599964225,0.0030371466396696967,0.006693639554947395,0.7109718210061591,0.6843694851417133,0.7345146130418121
0.87,0.9957012951226233,0.9935894907096927,0.9970917726420128,0.28017118402282454,0.257088961908239,0.30630953233545805,0.54435,0.58111,0.50698,0.004298704877376713,0.0029082273579872364,0.006410509290307287,0.7198288159771755,0.6936904676645419,0.742911038091761
0.875,0.995889472482302,0.9938695438940657,0.9972192513368984,0.27119580226456774,0.2485976542580316,0.2968421052631579,0.547375,0.584375,0.50975,0.004110527517698026,0.0027807486631016287,0.006130456105934323,0.7288041977354323,0.7031578947368421,0.7514023457419684
0.88,0.9960755813953488,0.9941465698899555,0.9973453134572187,0.2620996441281139,0.24000984655780747,0.28722475506838685,0.5504,0.58764,0.51252,0.003924418604651203,0.002654686542781337,0.005853430110044466,0.7379003558718862,0.71277524493161315,0.7599901534421926
0.885,0.9962596557799159,0.9944206175163501,0.997469982484494,0.25288025527626934,0.2313238843844773,0.2774538921277454,0.5534250000000001,0.590905,0.5152899999999999,0.0037403442200840686,0.0025300175155059668,0.005579382483649864,0.7471197447237307,0.7225461078722546,0.7686761156155227
0.89,0.9964417288166053,0.9946917345481218,0.9975932813841156,0.24353511441776574,0.22253807527908034,0.2675258113002981,0.55645,0.5941700000000001,0.51806,0.00355827118339469,0.0024067186158843734,0.005308265451878236,0.7564648855822342,0.7324741886997019,0.7774619247209197
0.895,0.996621832968408,0.9949599677437936,0.9977152326194483,0.23406163100845578,0.21365068764739023,0.2574366872430539,0.559475,0.597435,0.52083,0.0033781670315919943,0.002284767380551722,0.005040032256206417,0.7659383689915442,0.7425633127569461,0.7863493123526097
0.9,0.9967999999999999,0.9952253628724218,0.9978358581654737,0.22445714285714283,0.2046599496221662,0.24718256949661904,0.5625,0.6007,0.5236,0.0032000000000000917,0.0021641418345262897,0.004774637127578196,0.7755428571428572,0.752817430503381,0.7953400503778338
0.905,0.9969762609964192,0.9954879647396317,0.9979551795219922,0.21471891363139414,0.19556404788548018,0.2367593773277614,0.56552500000000006,0.6039650000000001,0.52637,0.003023739003580772,0.0020448204780078028,0.004512035260368252,0.7852810863686058,0.7632406226722386,0.8044359521145198
0.91,0.9971506463811451,0.995747817212836,0.9980732177263969,0.20484413025843085,0.18636112644947533,0.22616289431473885,0.56855,0.60723,0.5291399999999999,0.002849353618854855,0.0019267822736031004,0.004252182787163994,0.7951558697415692,0.7738371056852611,0.8136388735505247
0.915,0.9973231859336045,0.9960049632456618,0.998189993366039,0.19482990021590704,0.17704928539383444,0.21538876266029955,0.571575,0.6104950000000001,0.53191,0.0026768140663955275,0.0018100066339610255,0.00399503675433821,0.8051700997840929,0.7846112373397005,0.8229507146061655
0.92,0.997493908806126,0.9962594449016234,0.9983055265901981,0.1846732487070991,0.16762657955815344,0.20443247721623853,0.5746,0.6137600000000001,0.5346799999999999,0.002506091193874016,0.0016944734098018888,0.0037405550983765634,0.8153267512929009,0.7955675227837615,0.8323734204418466
0.925,0.9976628435403593,0.9965113033770584,0.9984198371216726,0.1743711157147084,0.15809101718733098,0.1932893792022977,0.5776249999999999,0.617025,0.53745,0.0023371564596407213,0.0015801628783274069,0.0034886966229416005,0.8256288842852916,0.8067106207977023,0.841908982812669
0.93,0.9978300180831826,0.9967605790233608,0.9985329442680038,0.16392035292714904,0.14844055852799154,0.18195464960101118,0.5806500000000001,0.62029,0.54022,0.0021699819168173873,0.0014670557319962363,0.003239420976639207,0.836079647072851,0.8180453503989888,0.8515594414720085
0.935,0.9979954598021159,0.9970073113685335,0.9986448669323477,0.15331772053083517,0.1386731143738648,0.1704233022088219,0.583675,0.6235550000000001,0.54299,0.002004540197884097,0.0013551330676523365,0.0029926886314665113,0.8466822794691649,0.829576697791178,0.8613268856261352
0.94,0.9981591955002557,0.9972515391380826,0.9987556236240069,0.14255988386160187,0.12878654455794303,0.15869017632241827,0.5866999999999999,0.62682,0.54576,0.0018408044997443307,0.0012443763759930615,0.002748460861917379,0.8574401161383981,0.8413098236775818,0.871213455442057
0.945,0.9983212514307516,0.9974933002752812,0.9988652324686351,0.13164340990798865,0.11877865638912895,0.14674992903775205,0.589725,0.630085,0.54853,0.0016787485692484339,0.0011347675313648775,0.0025066997247188416,0.8683565900920114,0.8532500709622479,0.881221343610871
0.95,0.9984816533108393,0.99773263196082,0.9989737112181257,0.1205647636586864,0.10864720303097845,0.13459702713759727,0.59275,0.6333500000000001,0.5512999999999999,0.0015183466891607322,0.0010262887818742739,0.00226736803918004,0.8794352363413136,0.8654029728624028,0.8913527969690216
0.955,0.9986404263354455,0.9979695706318695,0.9990810772601966,0.10932030428597943,0.09838988182001668,0.12222573854176709,0.5957749999999999,0.6366149999999999,0.55407,0.0013595736645545253,9.189227398034294e-4,0.002030429368130471,0.8906796957140206,0.8777742614582329,0.9016101181799834
0.96,0.9987975951903807,0.9982041520005747,0.9991873476276802,0.0979062811565305,0.08800433252098572,0.10963012329223602,0.5988,0.63988,0.5568399999999999,0.0012024048096193063,8.126523723197554e-4,0.0017958479994253373,0.9020937188434694,0.890369876707764,0.9119956674790143
0.965,0.9989531840651352,0.9984364110719967,0.9992925390075333,0.08631882966032532,0.07748813551624702,0.09680402404337904,0.6018249999999999,0.643145,0.5596099999999999,0.0010468159348647754,7.074609924666575e-4,0.0015635889280033455,0.9136811703396747,0.9031959759566209,0.922511864483753
0.97,0.9991072166652889,0.9986663821615277,0.9993966677495707,0.07455396684803245,0.06683880992642025,0.08374105602534017,0.60485,0.64641,0.56238,8.927833347111003e-4,6.033322504293004e-4,0.0013336178384723008,0.9254460331519676,0.9162589439746598,0.9331611900735798
0.975,0.9992597162245528,0.9988940989117934,0.9994997498749374,0.06260758686643295,0.05605381165919287,0.07043459644615722,0.6078749999999999,0.649675,0.5651499999999999,7.402837754472147e-4,5.002501250626068e-4,0.001105901088206629,0.937392413133567,0.9295654035538428,0.9439461883408071
0.98,0.9994107055164511,0.9991195943090575,0.9996018010843262,0.0504754561809304,0.04513053138307724,0.056877773295683796,0.6109,0.6529400000000001,0.56792,5.892944835489411e-4,3.981989156738308e-4,8.804056909424984e-4,0.9495245438190696,0.9431222267043162,0.9548694686169228
0.985,0.9995602068656595,0.9993429006991537,0.9997028367659497,0.038153208573463736,0.03406629242272487,0.043063453511540346,0.6139249999999999,0.6562049999999999,0.5706899999999999,4.397931343405048e-4,2.9716323405026834e-4,6.570993008463422e-4,0.9618467914265363,0.9569365464884596,0.9659337075772751
0.99,0.9997082421590081,0.9995640498029505,0.9998028720032754,0.02563633990340689,0.0228583485722324,0.028984230464276305,0.61695,0.65947,0.57346,2.9175784099189084e-4,1.971279967245554e-4,4.359501970494506e-4,0.9743636600965931,0.9710157695357237,0.9771416514277675
0.995,0.9998548328561635,0.9997830727313746,0.999901921582533,0.012920202618248812,0.011503881822686845,0.014632410715609402,0.619975,0.662735,0.57623,1.4516714383649987e-4,9.807841746700685e-5,2.169272686254331e-4,0.9870797973817512,0.9853675892843906,0.9884961181773132
1,1,1,1,0,0,0,0.623,0.666,0.579,0,0,0,1,1,1
